<?xml version="1.0" encoding="UTF-8"?>
<metadata xml:lang="sk"><Esri><CreaDate>20240328</CreaDate><CreaTime>09201500</CreaTime><ArcGISFormat>1.0</ArcGISFormat><SyncOnce>TRUE</SyncOnce><DataProperties><lineage><Process ToolSource="c:\program files\arcgis\pro\Resources\ArcToolbox\toolboxes\Data Management Tools.tbx\CalculateField" Date="20190403" Time="110809">CalculateField Okres_feb2018 NAZOV_ZUJ !NAZOV_ZUJ!.replace("Bratislava - ","") "Python 3" #</Process><Process ToolSource="c:\program files\arcgis\pro\Resources\ArcToolbox\Toolboxes\Data Management Tools.tbx\Rename" Date="20190403" Time="140544">Rename "P:\Zimna udrzba Chodniky 2018_2019\Okres_feb2018.shp" "P:\Zimna udrzba Chodniky 2018_2019\Obvod_2019.shp" ShapeFile</Process><Process ToolSource="c:\program files\arcgis\pro\Resources\ArcToolbox\Toolboxes\Data Management Tools.tbx\Rename" Date="20190403" Time="141830">Rename "P:\Zimna udrzba Chodniky 2018_2019\Obvod_2019.shp" "P:\Zimna udrzba Chodniky 2018_2019\2019_Mestske_casti.shp" ShapeFile</Process><Process ToolSource="c:\program files\arcgis\pro\Resources\ArcToolbox\toolboxes\Data Management Tools.tbx\DeleteField" Date="20190409" Time="103851">DeleteField 2019_Mestské_časti UTJ</Process><Process ToolSource="c:\program files\arcgis\pro\Resources\ArcToolbox\toolboxes\Data Management Tools.tbx\UpdateSchema" Date="20190409" Time="105508">UpdateSchema "CIMDATA=&lt;CIMStandardDataConnection xsi:type='typens:CIMStandardDataConnection' xmlns:xsi='http://www.w3.org/2001/XMLSchema-instance' xmlns:xs='http://www.w3.org/2001/XMLSchema' xmlns:typens='http://www.esri.com/schemas/ArcGIS/2.3.0'&gt;&lt;WorkspaceConnectionString&gt;DATABASE=P:\Zimna udrzba Chodniky 2018_2019&lt;/WorkspaceConnectionString&gt;&lt;WorkspaceFactory&gt;Shapefile&lt;/WorkspaceFactory&gt;&lt;Dataset&gt;2019_Mestske_casti&lt;/Dataset&gt;&lt;DatasetType&gt;esriDTFeatureClass&lt;/DatasetType&gt;&lt;/CIMStandardDataConnection&gt;" &lt;operationSequence&gt;&lt;workflow&gt;&lt;DeleteField&gt;&lt;field_name&gt;ZUJ&lt;/field_name&gt;&lt;field_name&gt;OKRES&lt;/field_name&gt;&lt;field_name&gt;MESTO&lt;/field_name&gt;&lt;field_name&gt;NAZOV_MEST&lt;/field_name&gt;&lt;field_name&gt;KU&lt;/field_name&gt;&lt;field_name&gt;MC&lt;/field_name&gt;&lt;/DeleteField&gt;&lt;/workflow&gt;&lt;/operationSequence&gt;</Process><Process ToolSource="c:\program files\arcgis\pro\Resources\ArcToolbox\Toolboxes\Data Management Tools.tbx\UpdateSchema" Date="20190409" Time="132315">UpdateSchema "CIMDATA=&lt;CIMStandardDataConnection xsi:type='typens:CIMStandardDataConnection' xmlns:xsi='http://www.w3.org/2001/XMLSchema-instance' xmlns:xs='http://www.w3.org/2001/XMLSchema' xmlns:typens='http://www.esri.com/schemas/ArcGIS/2.3.0'&gt;&lt;WorkspaceConnectionString&gt;DATABASE=C:\Users\vladimir.juracic\OneDrive - Hlavne mesto SR Bratislava\Documents\Komunikacie v sprave OSK\2019&lt;/WorkspaceConnectionString&gt;&lt;WorkspaceFactory&gt;Shapefile&lt;/WorkspaceFactory&gt;&lt;Dataset&gt;2019_Mestske_casti.shp&lt;/Dataset&gt;&lt;DatasetType&gt;esriDTFeatureClass&lt;/DatasetType&gt;&lt;/CIMStandardDataConnection&gt;" &lt;operationSequence&gt;&lt;workflow&gt;&lt;DeleteField&gt;&lt;field_name&gt;ZONA&lt;/field_name&gt;&lt;field_name&gt;Vymera&lt;/field_name&gt;&lt;/DeleteField&gt;&lt;/workflow&gt;&lt;/operationSequence&gt;</Process></lineage><itemProps><itemLocation><linkage Sync="TRUE">file://\\LAPTOP-CLPGNO37\C$\Users\pavol\OneDrive\Dokumenty\ArcGIS\Default.gdb</linkage><protocol Sync="TRUE">Local Area Network</protocol></itemLocation></itemProps></DataProperties></Esri></metadata>
